{"lr":0.001,"gamma":0.9,"inNodes":11,"h1Nodes":16,"h2Nodes":16,"outNodes":3,"W1":{"mathjs":"DenseMatrix","data":[[0.7955039263004233,0.6769580464931726,-0.8807608583960217,-0.6524480656140268,0.6580038587496547,0.12422811994525883,0.18616200696532018,-0.8215720309693925,0.12635650556454162,-0.004217552580406819,0.9031538345042075],[0.5217520057232078,0.7147731732065489,0.03649225542028045,-0.1931777282077506,0.545736869902878,0.1251351323578081,-0.7760343262040117,0.1289525859176885,0.8485704699254369,0.03220130195568471,-0.260911173332653],[0.6904092158142987,-0.709954551434539,-0.7756850145848937,0.4422828047285261,0.7964697972497432,0.35424910556993605,0.7502679334258752,-0.4266317108480549,-0.7854640294021153,0.3772179425949689,0.7131939964931109],[0.7227901257861259,-0.8620013227817789,0.5722110426213013,-0.20788146844723068,0.2863040209906454,0.6764358204870463,-0.7171567950473601,0.3109583716440708,0.0751281030395731,0.6385594114385342,0.6299017274179617],[-0.582437344520891,-0.0927871459176779,-0.06460884094320692,0.3807873659684379,0.23118615609401694,0.8617832896581843,-0.8826794019046762,-0.8770218377189811,0.7650388554261207,0.848246355670244,-0.968242269649568],[0.6552504775336027,-0.9165543280114237,0.21698786046290236,-0.46396980557003475,0.5299250820098744,0.6459827004123707,0.617986735962788,0.38613558043347174,0.3682263782259448,-0.6925948436214676,-0.2502561202908075],[0.8016671963657066,0.6849316619139518,-0.34028333460712096,-0.5489875345044016,-0.4223096742973186,-0.3234941610538335,-0.4711248745372444,0.14967966889544218,-0.1674062195765516,0.5875470418778495,-0.7224669831303823],[-0.78732064960098,0.8179067781400601,0.5118996986777125,-0.9182347726769301,1.1033504531473932,0.6178460138807409,-0.7884216694609895,0.5959758863804128,-0.24703350097113097,-0.5180802732096821,-0.9206151868948287],[0.8341812819945744,0.9482758386976868,-0.5786661933499785,-0.1974188388278086,0.07057679403777734,0.9676447706395164,-0.32929801168826467,-0.15619239883126074,-0.06142716069753915,0.4396116264037911,0.36638231152772266],[-0.07757529771439195,0.3860335047183835,0.460865473157563,-0.2703092408631367,0.06102466313897251,1.249857394314786,-0.2666137668562311,-0.31284104553397346,1.1058849198383396,0.05210856472563026,0.8462779333126431],[-0.3797284450464898,0.49254183440916005,-0.2977814149763666,-0.11349810808081684,-0.9533777083409566,0.6381504006419135,0.9318393018251907,0.47418371891273725,0.5648566580134239,-0.14535848326529205,-0.9189643047673648],[0.9944460394828282,0.45816937955610376,0.6485046011851904,0.0004227795176060707,-0.11004377145690691,-0.5051774669399698,0.7231139778058484,-0.9758783325379571,0.24524115226572105,0.32700688836939945,0.010228645473433847],[0.0828913148874647,-0.029450919055875924,0.38652244819920245,-0.5728774876425005,-0.3102884967813777,-0.024929277572400807,-0.38886364230288145,-0.02752223019268645,-0.9345291305615939,-0.9677444619282025,-0.9073608905464539],[0.7963715241648383,0.23341337619769048,-0.984162471763386,-0.8356761457168412,1.012954984387663,-0.5040665128316256,0.5250275707350336,0.6540407869588847,-0.2154325807523911,0.2061055772799599,0.8274783863565879],[-0.7722901313711626,-0.3826835307565219,0.2831412424843002,0.592468382593188,0.594212410877719,0.20593630300453156,0.5371732611992119,0.765989324016355,0.8032088868564073,0.6062986350434036,-0.19563814481663938],[-0.6005599961417379,-0.9324212925599676,0.7726009316965609,-0.027545899628288125,0.26005569147032864,-0.9177901604086277,0.7427706572159036,0.42912900670364273,-0.9309700787192619,0.002745132855523579,-0.26654316553757595]],"size":[16,11]},"b1":{"mathjs":"DenseMatrix","data":[0.059313088889251346,-0.053473007225235666,0.08054552815870639,-0.35497307659714816,-0.1720696202147329,0.038393185318586986,0.029680144342363803,0.1310858647177872,0.022872949524673912,0.24793917436605595,-0.10935672539974223,-0.22110169204334082,-0.09121426717076785,0.010024568995198742,0.36910342695904846,-0.04057191521574415],"size":[16]},"W2":{"mathjs":"DenseMatrix",